{
  "id": "",
  "name": "",
  "font_family": "iconfont",
  "css_prefix_text": "icon-",
  "description": "",
  "glyphs": [
    {
      "icon_id": "5237736",
      "name": "icon_review_star",
      "font_class": "icon_review_star",
      "unicode": "e651",
      "unicode_decimal": 58961
    },
    {
      "icon_id": "24588636",
      "name": "麦穗右",
      "font_class": "maisuiyou",
      "unicode": "e6b4",
      "unicode_decimal": 59060
    },
    {
      "icon_id": "24588640",
      "name": "麦穗左",
      "font_class": "maisuizuo",
      "unicode": "e6b6",
      "unicode_decimal": 59062
    },
    {
      "icon_id": "32485821",
      "name": "星标",
      "font_class": "xingbiao",
      "unicode": "e694",
      "unicode_decimal": 59028
    }
  ]
}
