{
  "id": "",
  "name": "",
  "font_family": "iconfont",
  "css_prefix_text": "icon-",
  "description": "",
  "glyphs": [
    {
      "icon_id": "526017",
      "name": "投诉举报",
      "font_class": "tousujubao",
      "unicode": "e626",
      "unicode_decimal": 58918
    },
    {
      "icon_id": "5367440",
      "name": "手机",
      "font_class": "shouji",
      "unicode": "e66a",
      "unicode_decimal": 58986
    },
    {
      "icon_id": "7607561",
      "name": "三个点",
      "font_class": "sangedian",
      "unicode": "e628",
      "unicode_decimal": 58920
    },
    {
      "icon_id": "11372666",
      "name": "分享",
      "font_class": "fenxiang",
      "unicode": "e8b0",
      "unicode_decimal": 59568
    }
  ]
}
