{
  "id": "",
  "name": "",
  "font_family": "iconfont",
  "css_prefix_text": "icon-",
  "description": "",
  "glyphs": [
    {
      "icon_id": "4237150",
      "name": "暂停",
      "font_class": "zanting",
      "unicode": "e61e",
      "unicode_decimal": 58910
    },
    {
      "icon_id": "4777232",
      "name": "全屏",
      "font_class": "quanping",
      "unicode": "ec13",
      "unicode_decimal": 60435
    },
    {
      "icon_id": "6776437",
      "name": "声音静音",
      "font_class": "shengyinjingyin",
      "unicode": "eca9",
      "unicode_decimal": 60585
    },
    {
      "icon_id": "6966958",
      "name": "下一个",
      "font_class": "xiayige",
      "unicode": "e639",
      "unicode_decimal": 58937
    },
    {
      "icon_id": "11372700",
      "name": "声音",
      "font_class": "shengyin",
      "unicode": "e8b8",
      "unicode_decimal": 59576
    },
    {
      "icon_id": "29049620",
      "name": "icon_弹幕开关_关",
      "font_class": "icon_danmukaiguan_guan",
      "unicode": "e669",
      "unicode_decimal": 58985
    },
    {
      "icon_id": "29049622",
      "name": "icon_弹幕开关_开",
      "font_class": "icon_danmukaiguan_kai",
      "unicode": "e66a",
      "unicode_decimal": 58986
    }
  ]
}
