{
  "id": "",
  "name": "",
  "font_family": "iconfont",
  "css_prefix_text": "icon-",
  "description": "",
  "glyphs": [
    {
      "icon_id": "11372708",
      "name": "讨论区",
      "font_class": "taolunqu",
      "unicode": "e8b9",
      "unicode_decimal": 59577
    },
    {
      "icon_id": "29938761",
      "name": "云端记录 ",
      "font_class": "yunduanjilu",
      "unicode": "e60e",
      "unicode_decimal": 58894
    },
    {
      "icon_id": "32333971",
      "name": "火花",
      "font_class": "huohua",
      "unicode": "e61d",
      "unicode_decimal": 58909
    },
    {
      "icon_id": "33451446",
      "name": "yxzt_wxxyx",
      "font_class": "yxzt_wxxyx",
      "unicode": "e6f2",
      "unicode_decimal": 59122
    }
  ]
}
